FL_Ranking,Iteration,Time
11,0,37172.868077516556
11,1,37999.35373210907
11,2,39101.47293663025
11,2,39132.86350989342
11,2,39550.76744246483
11,2,41315.44989800453
11,2,41467.45786190033
11,2,41493.970150232315
11,2,41871.63739514351
