FL_Ranking,Iteration,Time
37,0,151.09851026535034
37,2,6878.37308716774
37,2,6920.924992799759
37,2,26771.499779701233
37,2,29467.093789815903
