FL_Ranking,Iteration,Time
2,28,0,55.187411308288574
2,28,0,74.3065083026886
