FL_Ranking,Iteration,Time
1,0,19.31499218940735
1,0,43.37331533432007
1,1,221.58397388458252
1,1,234.48979258537292
1,1,248.94128680229187
1,1,261.71069502830505
1,1,273.85747385025024
1,1,288.1171953678131
1,1,301.2192392349243
1,1,314.26364493370056
1,1,328.2234525680542
1,1,342.48335576057434
1,1,355.7354619503021
1,1,370.3489601612091
1,1,383.1346654891968
1,1,397.4729382991791
1,1,410.82542061805725
