FL_Ranking,Iteration,Time
5,0,1967.813945055008
5,1,2041.5363492965698
