FL_Ranking,Iteration,Time
5,0,37962.587277412415
5,0,38112.088129758835
5,2,49665.68987607956
