FL_Ranking,Iteration,Time
22,1,2064.130779504776
23,1,3811.3515141010284
23,1,3823.092402458191
23,2,4124.511605978012
23,2,4137.906653881073
23,2,4393.398463010788
23,2,4407.006944894791
23,2,4427.675350666046
23,2,4535.270756244659
23,2,5611.9260160923
