FL_Ranking,Iteration,Time
10,0,11802.275258302689
10,0,11909.985295772552
10,0,11950.00882101059
10,2,12492.170451402664
10,2,12515.06450843811
10,2,13097.086760759354
