FL_Ranking,Iteration,Time
1,1,1150.2103564739227
1,2,3602.526874065399
