FL_Ranking,Iteration,Time
1,1,180.18802428245544
1,1,214.66176676750183
