FL_Ranking,Iteration,Time
44,0,28722.12303853035
44,0,28756.83203625679
44,1,28784.627042770386
46,0,29217.639915704727
