FL_Ranking,Iteration,Time
2,0,108.45531034469604
2,0,200.94864010810852
2,0,586.8073859214783
