FL_Ranking,Iteration,Time
18,1,179107.9039697647
18,2,183147.29303574562
18,2,184396.847458601
18,2,185220.52894806862
