FL_Ranking,Iteration,Time
9,0,30.563560247421265
9,0,59.701308250427246
9,0,75.74677920341492
9,0,90.5917603969574
9,0,108.30273628234863
