FL_Ranking,Iteration,Time
1,1,201.09511613845825
1,2,516.7466163635254
2,1,976.404543876648
2,1,980.8721086978912
2,1,1013.2457501888275
2,2,1081.2956099510193
