FL_Ranking,Iteration,Time
3,1,3820.2132093906403
3,1,3837.7240517139435
