FL_Ranking,Iteration,Time
10,0,20079.28395652771
10,1,20292.106023073196
10,1,20314.862562179565
10,1,20394.868882894516
10,1,20438.331386566162
10,1,20566.05617594719
10,2,20966.34871673584
10,2,21105.163730621338
10,2,21611.480423927307
10,2,21636.69257235527
