FL_Ranking,Iteration,Time
4,0,15402.873130083084
4,2,17927.02035832405
5,0,20396.914793252945
13,0,71398.59230780602
13,0,71423.68012022972
13,0,71444.41275262833
13,1,71682.8933558464
13,2,72681.06412124634
13,2,72730.78601694107
13,2,73249.70313215256
13,2,73257.57907414436
13,2,73265.63566946983
13,2,73274.03312635422
13,2,73401.01463699341
13,2,73425.82022547722
13,2,73433.35330843925
13,2,73540.85679030418
13,2,73548.1060295105
