FL_Ranking,Iteration,Time
1,1,1001.3081796169281
1,1,1548.566589832306
1,1,2047.8742499351501
