FL_Ranking,Iteration,Time
1,0,22.613490104675293
1,0,48.465240478515625
1,0,61.59036827087402
1,0,75.00240969657898
1,0,88.10229158401489
1,0,107.07464361190796
1,0,122.89768028259277
1,0,136.53257775306702
1,0,150.23750138282776
1,0,172.87779688835144
