FL_Ranking,Iteration,Time
1,0,160.0860731601715
1,1,592.2848393917084
1,1,949.8791749477386
