FL_Ranking,Iteration,Time
3,0,3420.590271472931
3,1,3744.741589307785
3,2,3956.781677007675
3,2,3983.384856700897
