FL_Ranking,Iteration,Time
1,2,6885.802985191345
1,2,6908.217928647995
1,2,6929.869732618332
1,2,6952.037624597549
1,2,6973.2782690525055
1,2,10630.942467689514
1,2,10650.999886751175
1,2,10672.192595243454
1,2,10693.311901330948
7,2,56864.64852762222
7,2,56883.92965269089
7,2,56960.35015082359
7,2,59656.09279131889
7,2,61269.96078634262
7,2,62905.0360019207
7,2,63042.07731080055
7,2,65472.00947523117
7,2,65490.11726522446
