FL_Ranking,Iteration,Time
9,0,38.98159146308899
9,1,5706.071711540222
9,2,8576.61055803299
