FL_Ranking,Iteration,Time
2,2,553.1633243560791
3,1,1138.5284790992737
16,0,13303.907378911972
16,1,13349.668261766434
