FL_Ranking,Iteration,Time
13,2,39545.53356385231
13,2,39618.131283044815
