bugid	buggy	buggy_class	suspiciousness	buggy_line	endbuggycode	failing_test_number	action	patch
79	[BUG] [BUGGY] private static final double LN_QUICK_COEF[][] = { [FE] AssertionError [CONTEXT] [BUGGY] private static final double LN_QUICK_COEF[][] = { [BUGGY] {1.0, 5.669184079525E-24}, {-0.25, -0.25}, {0.3333333134651184, 1.986821492305628E-8}, {-0.25, -6.663542893624021E-14}, {0.19999998807907104, 1.1921056801463227E-8}, {-0.1666666567325592, -7.800414592973399E-9}, {0.1428571343421936, 5.650007086920087E-9}, {-0.12502530217170715, -7.44321345601866E-11}, {0.11113807559013367, 9.219544613762692E-9}, }; [CLASS] FastMath ExpIntTable ExpFracTable lnMant CodyWaite  [VARIABLES] 	projects/Math16/src/main/java/org/apache/commons/math3/util/FastMath.java	0.20851441405707477	114	114	2	replace	
80	[BUG] [BUGGY] [FE] AssertionError [CONTEXT] [BUGGY] [BUGGY] private static final double LN_QUICK_COEF[][] = { {1.0, 5.669184079525E-24}, {-0.25, -0.25}, {0.3333333134651184, 1.986821492305628E-8}, {-0.25, -6.663542893624021E-14}, {0.19999998807907104, 1.1921056801463227E-8}, {-0.1666666567325592, -7.800414592973399E-9}, {0.1428571343421936, 5.650007086920087E-9}, {-0.12502530217170715, -7.44321345601866E-11}, {0.11113807559013367, 9.219544613762692E-9}, }; [CLASS] FastMath ExpIntTable ExpFracTable lnMant CodyWaite  [VARIABLES] 	projects/Math16/src/main/java/org/apache/commons/math3/util/FastMath.java	0.20851441405707477	114	114	2	add	
