FL_Ranking,Iteration,Time
2,54,0,1043.8072237968445
2,54,0,1388.4094679355621
