FL_Ranking,Iteration,Time
1,2,11944.22306394577
1,2,22026.297256946564
