FL_Ranking,Iteration,Time
12,2,77742.22537350655
12,2,81430.95157456398
13,1,82844.61182928085
