FL_Ranking,Iteration,Time
1,2,1835.5377116203308
1,2,4364.193012237549
1,2,4714.39392209053
1,2,5829.386853933334
1,2,6872.784644365311
1,0,180.6977186203003
