FL_Ranking,Iteration,Time
23,1,392.7662298679352
23,1,483.2471718788147
