FL_Ranking,Iteration,Time
4,0,9069.911420106888
4,0,9093.722123384476
