FL_Ranking,Iteration,Time
26,0,24.36425256729126
26,0,35.92948865890503
26,1,184.55699181556702
26,1,381.6322684288025
