FL_Ranking,Iteration,Time
23,2,82203.4944987297
23,2,83042.16448450089
