FL_Ranking,Iteration,Time
8,2,1031.7067184448242
8,2,1038.3534846305847
9,2,3584.969549179077
9,2,3591.4571878910065
