FL_Ranking,Iteration,Time
1,0,34.31051421165466
1,0,77.55347418785095
