FL_Ranking,Iteration,Time
28,0,209.81963777542114
28,2,2953.0383563041687
28,2,2980.93678855896
31,1,14854.7310192585
31,2,20426.182537555695
31,2,20971.796421527863
