FL_Ranking,Iteration,Time
1,1,208.42545127868652
1,1,423.3840341567993
