FL_Ranking,Iteration,Time
4,2,36388.880311489105
4,2,41200.80596613884
