FL_Ranking,Iteration,Time
4,0,2831.7127249240875
4,0,2898.776950120926
4,1,2913.316236257553
4,1,3034.7066645622253
4,2,3457.3969645500183
4,2,4860.48223400116
