FL_Ranking,Iteration,Time
15,0,57136.78665924072
15,2,59794.64818191528
