FL_Ranking,Iteration,Time
10,1,21134.588083982468
10,2,21867.479302167892
10,2,22181.788514137268
10,2,22459.71019744873
10,2,22489.927609682083
12,0,24822.062751293182
12,0,24835.580276489258
12,0,24849.111036539078
12,2,26244.151463747025
