FL_Ranking,Iteration,Time
4,0,2116.2887942790985
5,0,3016.3110649585724
