FL_Ranking,Iteration,Time
2,4,0,13.879385709762573
2,4,0,35.11985182762146
2,4,0,65.8956789970398
2,4,0,100.71154499053955
3,4,0,13.855363845825195
3,4,0,35.35558247566223
3,4,0,65.7625777721405
