FL_Ranking,Iteration,Time
41,0,29260.739401578903
41,0,29265.66582107544
42,0,29327.962611436844
43,0,29908.109089136124
44,0,30000.476734399796
44,0,30015.87514233589
44,0,30020.482988357544
44,1,30080.358474731445
44,1,30085.297637462616
44,2,30288.12736082077
