FL_Ranking,Iteration,Time
1,1,130.4260814189911
1,1,137.7971851825714
1,1,145.10589003562927
1,1,152.20203351974487
1,1,159.28182101249695
1,1,166.0007131099701
1,1,214.81021642684937
1,1,223.51364588737488
1,1,231.18706703186035
1,1,239.5514509677887
1,1,247.09034752845764
1,1,255.12436413764954
