FL_Ranking,Iteration,Time
1,0,196.24657320976257
1,1,1177.3403995037079
1,2,1873.9969675540924
1,2,1934.391053199768
1,2,2064.2187542915344
1,2,2094.0444617271423
