FL_Ranking,Iteration,Time
1,1,105.21784090995789
1,1,112.77071523666382
1,1,120.56578373908997
1,1,128.68250942230225
1,1,136.3700728416443
