FL_Ranking,Iteration,Time
9,1,353.93352007865906
9,1,370.4084372520447
9,1,386.577054977417
9,1,408.2861633300781
9,1,448.70577239990234
9,1,466.89705061912537
9,1,493.33677887916565
9,1,518.1161613464355
9,1,537.9545435905457
9,1,558.0408384799957
9,1,579.7859811782837
9,1,599.7052669525146
9,1,701.8999614715576
9,1,728.5351691246033
9,1,750.8425543308258
9,1,775.3510227203369
9,1,804.1706721782684
9,1,1520.4056615829468
