FL_Ranking,Iteration,Time
1,1,68.4433524608612
1,2,235.53703904151917
2,2,535.6012346744537
2,2,657.821108341217
29,0,20869.00464439392
29,2,21180.723405122757
40,1,27195.43465447426
