FL_Ranking,Iteration,Time
2,1,30544.590901613235
2,2,39364.42151594162
2,2,39429.54215884209
2,2,39458.65406346321
