FL_Ranking,Iteration,Time
36,0,146033.36943769455
36,0,146054.01726531982
36,2,146670.05826616287
36,2,146737.61275935173
36,2,146776.96673369408
36,2,147285.51510858536
40,0,153749.0174486637
40,1,153987.01973605156
40,2,154732.19382500648
