FL_Ranking,Iteration,Time
1,1,177.10159587860107
1,1,193.47065234184265
1,1,211.2689926624298
1,1,228.10492324829102
1,1,364.24825859069824
