FL_Ranking,Iteration,Time
1,0,61.644267082214355
1,0,86.56810998916626
